{
    "input_vars": [
        "mt_tot",
        "pt_vis",
        "m_vis",
        "phi_1",
        "phi_2",
        "eta_1",
        "eta_2",
        "met",
        "pt_1",
        "pt_2",
        "pt_tt",
        "mt_1",
        "mt_2",
        "deta_12",
        "dphi_12",
        "deltaR_ditaupair",
        "metSumEt",
        "njets_float",
        "pzetamissvis",
        "dxy_1",
        "metphi",
        "mTdileptonMET",
        "m_fastmtt",
        "pt_fastmtt",
        "eta_fastmtt",
        "pnn_mass"
    ],
    "center": [
        76.0823745727539,
        18.174571990966797,
        59.58567810058594,
        -0.06744384765625,
        0.0396728515625,
        -0.0666046142578125,
        -0.03009033203125,
        26.16363525390625,
        28.915637969970703,
        29.329540252685547,
        27.68721580505371,
        35.20994186401367,
        32.191829681396484,
        -0.004150390625,
        -0.3482666015625,
        2.975419521331787,
        175.375,
        0.0,
        -8.936103214212956,
        1.7434358596801758e-05,
        0.020660400390625,
        27.373491287231445,
        82.73699951171875,
        24.32160758972168,
        -0.13374076783657074,
        60.0
    ],
    "scale": [
        37.88261413574219,
        30.899205684661865,
        22.29070281982422,
        3.2119140625,
        3.10888671875,
        1.9034423828125,
        1.9803466796875,
        32.313172340393066,
        16.50650119781494,
        15.155647277832031,
        41.452237129211426,
        42.26398181915283,
        41.530378341674805,
        1.44635009765625,
        6.123260498046875,
        0.6465460062026978,
        143.3125,
        1.0,
        33.94477877897669,
        0.0047664642333984375,
        3.080676794052124,
        36.994314670562744,
        30.355712890625,
        47.378477573394775,
        4.065327346324921,
        190.0
    ]
}