{
    "input_vars": [
        "mt_tot",
        "pt_vis",
        "m_vis",
        "phi_1",
        "phi_2",
        "eta_1",
        "eta_2",
        "met",
        "pt_1",
        "pt_2",
        "pt_tt",
        "mt_1",
        "mt_2",
        "deta_12",
        "dphi_12",
        "deltaR_ditaupair",
        "metSumEt",
        "njets_float",
        "pzetamissvis",
        "dxy_1",
        "metphi",
        "mTdileptonMET",
        "m_fastmtt",
        "pt_fastmtt",
        "eta_fastmtt",
        "pnn_mass"
    ],
    "center": [
        105.34759521484375,
        28.387989044189453,
        91.94293975830078,
        -0.036956787109375,
        0.006011486053466797,
        -0.038379669189453125,
        -0.003656148910522461,
        25.289094924926758,
        46.19853591918945,
        39.375864028930664,
        37.501365661621094,
        33.54495429992676,
        50.01642608642578,
        -0.0123291015625,
        -0.119140625,
        2.9414703845977783,
        238.375,
        0.0,
        -20.394057835593376,
        -2.9847025871276855e-05,
        0.0005459785461425781,
        30.158828735351562,
        124.70771789550781,
        40.912715911865234,
        -0.053513793274760246,
        60.0
    ],
    "scale": [
        39.27161407470703,
        37.637975454330444,
        48.57616424560547,
        3.18115234375,
        3.1201171875,
        1.974609375,
        1.8118896484375,
        25.270044326782227,
        23.977988243103027,
        16.519165992736816,
        45.57943391799927,
        36.69353175163269,
        43.352943420410156,
        1.4013786315917969,
        6.0640869140625,
        0.6758103966712952,
        134.75,
        1.0,
        40.26656567212411,
        0.00443267822265625,
        3.11669921875,
        35.613256216049194,
        66.02399444580078,
        49.37189340591431,
        3.740299254655838,
        190.0
    ]
}