{
    "input_vars": [
        "mt_tot",
        "pt_vis",
        "m_vis",
        "phi_1",
        "phi_2",
        "eta_1",
        "eta_2",
        "met",
        "pt_1",
        "pt_2",
        "pt_tt",
        "mt_1",
        "mt_2",
        "deta_12",
        "dphi_12",
        "deltaR_ditaupair",
        "metSumEt",
        "njets_float",
        "pzetamissvis",
        "dxy_1",
        "metphi",
        "mTdileptonMET",
        "m_fastmtt",
        "pt_fastmtt",
        "eta_fastmtt",
        "pnn_mass"
    ],
    "center": [
        96.39193725585938,
        21.314062118530273,
        76.9021224975586,
        0.02767181396484375,
        -0.03557586669921875,
        0.0058879852294921875,
        0.009777069091796875,
        28.097393035888672,
        34.33977508544922,
        37.704246520996094,
        32.14531707763672,
        25.581722259521484,
        54.48099899291992,
        -0.0009765625,
        0.254638671875,
        2.9681296348571777,
        207.0,
        0.0,
        -15.40767469053484,
        -8.724629878997803e-06,
        0.029697781428694725,
        31.464632034301758,
        105.77606201171875,
        32.35948944091797,
        0.024487897753715515,
        60.0
    ],
    "scale": [
        34.273193359375,
        31.101730346679688,
        34.201759338378906,
        3.113525390625,
        3.16162109375,
        1.85693359375,
        1.771484375,
        25.731863975524902,
        17.659326553344727,
        12.772401809692383,
        36.804555892944336,
        36.08288621902466,
        41.20760536193848,
        1.387298583984375,
        6.1090087890625,
        0.6176092624664307,
        122.375,
        1.0,
        36.9288757176394,
        0.0015306472778320312,
        3.089599609375,
        35.01126289367676,
        46.91518783569336,
        40.625550270080566,
        3.7420201301574707,
        190.0
    ]
}