{
    "input_vars": [
        "mt_tot",
        "pt_vis",
        "m_vis",
        "phi_1",
        "phi_2",
        "eta_1",
        "eta_2",
        "met",
        "pt_1",
        "pt_2",
        "pt_tt",
        "mt_1",
        "mt_2",
        "deta_12",
        "dphi_12",
        "deltaR_ditaupair",
        "metSumEt",
        "njets_float",
        "pzetamissvis",
        "dxy_1",
        "metphi",
        "mTdileptonMET",
        "m_fastmtt",
        "pt_fastmtt",
        "eta_fastmtt",
        "pnn_mass"
    ],
    "center": [
        125.38068771362305,
        25.068984031677246,
        114.58241653442383,
        -0.010701179504394531,
        0.008570671081542969,
        -0.0012830495834350586,
        0.010745048522949219,
        26.68873691558838,
        60.65714454650879,
        47.27296829223633,
        33.022966384887695,
        55.5184383392334,
        32.97737503051758,
        -0.006847381591796875,
        -0.04931640625,
        3.015986442565918,
        267.0,
        0.0,
        -19.83434318676982,
        -7.230788469314575e-06,
        0.053383491933345795,
        33.05269813537598,
        154.55648803710938,
        35.162654876708984,
        0.022395755164325237,
        60.0
    ],
    "scale": [
        42.444000244140625,
        47.61152458190918,
        51.587013244628906,
        3.142578125,
        3.15576171875,
        1.5699462890625,
        1.6934814453125,
        27.386311054229736,
        25.656121253967285,
        12.089093208312988,
        49.12983322143555,
        54.8690299987793,
        42.12520384788513,
        1.6016845703125,
        6.103404641151428,
        0.7879985570907593,
        141.0,
        1.0,
        41.282021502933276,
        0.0020971298217773438,
        3.0942322909832,
        40.05192565917969,
        70.72675704956055,
        60.33185005187988,
        3.5671054422855377,
        190.0
    ]
}